ID,Rubrik,Info & Förberedelser,Kravområde,Länkade krav,Beskrivning,Beskrivning.1,Beskrivning.2,Beskrivning.3,Beskrivning.4,Beskrivning.5,Beskrivning.6,Beskrivning.7,Beskrivning.8,Beskrivning.9,Beskrivning.10,Beskrivning.11,Beskrivning.12,Beskrivning.13,Beskrivning.14,Beskrivning.15,Beskrivning.16,Beskrivning.17,Beskrivning.18,Beskrivning.19,Beskrivning.20,Beskrivning.21,Beskrivning.22,Beskrivning.23,Beskrivning.24
1,Konvertering och Filformat hanterade i Diarie,"Intention: Verifiera att kravställda filformat hanteras av lösningen gällande bifoga, öppna, konvertera (i vissa fall) och arkivera samt att det sker mer viss automatik.

Förutsättningar: 

Beroenden: Alla roller ska kunna bifoga filer till ärenden de är handläggare för",Funktioner,5 - Filformatsstöd| 6 - Originalfiler| 17 - Automatisk filkonvertering| 18 - Filformat DWG & DXF,"Roll=handläggare.
I befintligt diarieärende skapas nytt ärendedokument, händelse, med riktning Ut. Dokumentstatus=""under arbete""","I aktuellt ärendedokument, lägg till filer av vanligt förekommande filformat:
- MS Word (modell större)
- MS Powerpoint
- MS Excel
- MS Outlook
- Adobe Acrobat PDF(utan arkivformat)
- .tif
- jpg
- Txt
- HTML","Öppna fil av typ MS Word och välj att redigera.
Redigera filen, spara samt checka in den. Öppna filen igen skrivskyddad",Gå in på versionshistoriken på aktuell fil,"Ändra status ""färdig från handläggare""","Roll=huvudregistrator.
Ändra status på ärendedokumentet till ""registrerat""","Prova att öppna samtliga filer, en i taget,",Skapa nytt ärendedokument i aktuell ärende och lägg till filer av typ .dwg samt .dxf,Roll=handläggare med tillgång till system i vilket man kan öppna filer av typ .dwg och .dxf. Välja att öppna filerna i detta system,,,,,,,,,,,,,,,,
2,Förlustfri konvertering av filer,"Intention: Att verifiera att filer med olika format, storlek och innehåll kan konverteras till bevarandeformat (PDF-A) utan att information förvanskas eller förloras.

Förutsättningar: Täck in förutom de olika filformaten även storlek på fil, antal sidor, dokumentformat (A4, Letter, Portrait/Lansdcape...), olika typer av innehåll (bilder i olika storlek och upplösning, tabeller, sidfot/sidhuvud, pagenering, ....)

Beroenden: Endast godkända filformat med Excel undantaget",Systemkrav,9 - Konvertering för långtidslagring| 10 - Förlustfri konvertering,"Roll=huvudregistrator
Skapa ett nytt diarieärende och ärendedokument i detta. Ärendedokumentet skall ha följande metadata: Riktning=IN
Dokumentkategori = Handling -In","Bifoga filer av olika storlekar innehållande både text och bilder i svartvitt samt färg. Filerna skall vara av följande format:
- Word
- Powerpoint
- Outlook mail (msg)",Bifoga fil av format PDF i större storlek.,"Efter att filerna konverterats, klicka på köttbullarna till höger om filen samt välj visa egenskaper. Kontrollera även PDF-fil som ej konverteras men som skall få Arkivformat",,,,,,,,,,,,,,,,,,,,,
3,"Tidsatta notifieringar, Bevakning och sista svarsdatum","Intention: Verifiera att funktion för bevakning och sista svarsdatum finns och fungerar

Förutsättningar: Notifiering eller annan metod som ska användas för att signalera att datum infallit måste vara uppsatt. Det kan vara flera metoder men här verifieras endast att det går att sätta bevakning och att något händer när det infaller. Registrerat ärende och dokumentkort (händelse)

Beroenden:",Funktioner,13 - Bevakningsdatum| 14 - Sista svarsdatum| 31 - Tidssatta notifieringar| 32 - Notifieringar vid inaktivitet,Välj ett befintligt skapat ärende,"Lägg till bevakning via knappen ""Bevakningsdatum""",Fyll i titel,"Sätt bevakningsdatum, förslagsvis nästa dag",Sätt ansvarig. Är man inloggad som handläggare är detta fält förifyllt med handläggarens namn,Låt fältet Status vara kvar på Öppet och tryck därefter OK,Ladda om sidan och Kontrollera att bevakning finns i grundmenyn (med en symbol som en klocka). Notera att sida behöver uppdateras för att datum ska uppdateras i UI,Kontrollera om systemet skickar notifiering nästa dag,Välj samma ärende därefter ett redan skapat dokumentkort (händelse),Välj dokumentfunktioner därefter Redigera egenskaper,"Fyll i fältet Sista svarsdatum, förslagsvis nästa dag och tryck därefter OK",Kontrollera om systemet skickar notifiering för sista svarsdatum nästa dag,Verifiera notifieringar vid inaktivitet. Det ska vara möjligt att ställa in datum för inaktivitet,Verifiera att det finns funktion för att ändra och uppdatera tidsatta notifieringar.,,,,,,,,,,,
4,Flytt av Diariehändelser,"Intention: Att verifiera att det går att flytta händelser mellan ärenden. Både mellan ärenden inom samma organisation samt mellan organisationer.

Förutsättningar: Roll för användare och access för roll till olika organisationer och ärenden. Ärenden och händelser är skapade. Roll=huvudregistrator

Beroenden:",Affärsprocesser,15 - Flytt av diariehändelser| 16 - Rättigheter att flytta händelser,"Roll=huvudregistrator. På startsidan klicka på ""Meny"" längst upp till höger","I rutan ""Övervakning"" välj ""Flytta/kopiera dokument mellan ärenden","Test mellan ärenden inom samma organisation. I fältet ""Från ärende"" anges det ärende från vilket man skall flytta dokument. Klicka på bocken eller tryck enter","I fältet ""Till ärende"" anges det ärende till vilket man skall flytta dokument. Klicka på bocken eller tryck enter","Bocka i framför det/dom dokument som skall flyttas(vänstra rutan) och klicka på knappen ""Flytta"" som finns mellan rutorna och tryck OK på följdfråga",Öppna dom aktuella ärendena och kontrollera flytten av dokument,"På startsidan klicka på ""Meny"" längst upp till höger","I rutan ""Övervakning"" välj ""Flytta/kopiera dokument mellan ärenden","Test mellan ärenden inom olika organisationer. I fältet ""Från ärende"" anges det ärende från vilket man skall flytta dokument. Klicka på bocken eller tryck enter","I fältet ""Till ärende"" anges det ärende till vilket man skall flytta dokument. Klicka på bocken eller tryck enter","Bocka i framför det/dom dokument som skall flyttas(vänstra rutan) och klicka på knappen ""Flytta"" som finns mellan rutorna och tryck OK på följdfråga",Öppna dom aktuella ärendena och kontrollera flytten av dokument,"Roll=handläggare. På startsidan klicka på ""Meny"" längst upp till höger","Kontrollera i rutan ""Övervakning"" att funktionen  ""Flytta/kopiera dokument mellan ärenden"" inte finns valbar",,,,,,,,,,,
5,Växla roll,"Intention: Verifiera att funktionen för att växla roll finns och fungerar

Förutsättningar: Inloggad användare ska ha fler än en roll kopplad. Roll=huvudregistrator

Beroenden:",Funktioner,22 - Multipla roller per användare,"Lägg märke till utseendet på skrivbordet. På startsidan näst lägst upp till höger, klicka på knappen med en figur och ditt namn och anteckna vilken roll som visas (Handläggare eller Huvudregistrator) och välj ""Byt profil""",Klicka på den roll som inte är markerad med ett blått streck framför. (Blått streck=aktuell roll),Klicka igen på knappen med en figur och ditt namn för att kontrollera att Roll är bytt,,,,,,,,,,,,,,,,,,,,,,
6,Obligatoriska fält,"Intention: Verifiera att obligatoriska fält tvingar användare att fylla i samt hindrar från att spara/gå vidare i process. Även att administrera vilka fält som är obligatoriska och att det går att ändra utan att det påverkar befintliga ärenden och händelser tills dess att de redigeras och ska sparas om.

Förutsättningar: Ett registrerat ärende

Beroenden:",Funktioner,55 - Oblligatoriska fält markerade| 56 - Obligatoriska fält hindrande| 177 - Fält ska kunna vara tvingande| 178 - Tvingande fält,"I befintligt ärende tryck skapa nytt dokument, sedan Dokument därefter Ärendedokument","Granska att fälten Riktning, Dokumentkategori, Konfidentialitetsnivå, Sekretess/Särskilda personuppgifter, Åtkomstgrupp, Titel, Ankomstdatum och Ansvarig har en asterisk framför fälten att fylla i",Välj Riktning IN,Fyll i samtliga fält försedda med en asterisk förutom Ankomstdatum,Tryck på Slutför,Fyll i ankomstdatum,Ta bort Avsändare genom att markera Avsändare och tryck Backspace,Tryck på Slutför,Fyll i samtliga fält försedda med en asterisk och tryck på Slutför,Lägg till Word-dokument till det skapade ärendedokumentet,,,,,,,,,,,,,,,
7,Fältutformning för klassning,"Intention: Verifiera att funktion kring Konfidentialitetsklassning och Sekretessmarkering fungerar. Att klassning och markering får rätt effekt samt att processen och GUI är utformad rätt.

Förutsättningar: 

Beroenden:",Lagkrav,114 - Fältutforming för klassning| 115 - Paragrafnotering,"Roll=huvudregistrator.
Öppna Meny->Skapa diarieärende",I Fältet Konfidentialitetsnivå skall det finnas dropdown-meny eller liknande för val av Konfidentialitetsnivå. Klicka på denna,I Fältet Konfidentialitetsnivå välj -Öppen,I fältet Sekretessklass skall det finnas dropdown-meny eller liknande för val av sekretess eller ej. Klicka på denna,"I fältet Sekretessklass, välj Nej","I fältet Sekretessklass, välj - Allmän handling - sekretess","I fältet Sekretessklass, välj - Allmän handling - särskilda personuppgifter","I fältet Sekretessklass, välj - Allmän handling - sekretess/särskilda personuppgifter",I samtliga fall när något val av sekretess görs i fältet Sekretessklass tillkommer fältet Val för offentlig titel.,Ange någon form av sekretess och i det tillkommande fältet Val för offentlig titel väljer man - Skriv in offentlig titel manuellt,"I fältet Sekretessklass, välj - Nej","Skapa diarieärende med följande:
Sekretessklass=Allmän handling sekretess
Paragraf=19.1
Konfidentialitetsnivå=Begränsad",Välj att skapa nytt ärendedokument,"I fältet Sekretessklass, välj - Allmän handling - sekretess/särskilda personuppgifter",I samtliga fall när något val av sekretess görs i fältet Sekretessklass tillkommer fältet Val för offentlig titel.,Ange någon form av sekretess och i det tillkommande fältet Val för offentlig titel väljer man - Skriv in offentlig titel manuellt,I Fältet Konfidentialitetsnivå skall det finnas dropdown-meny eller liknande för val av Konfidentialitetsnivå. Klicka på denna,,,,,,,,
8,Sökning,"Intention: Verifiera sökfunktion med fokus på vilka data som går att söka på, att kombinerade söktermer med flera ord och även sammanhållande strängar av ord.

Förutsättningar: Användare med olika roller, olika användare med olika behörighet, testdata med flertalet olika ärenden och händelser samt filer med olika format och innehåll. Ett registrerat ärende, dokument (händelse) samt fil med namn 'Drabantgatan'' ' Remiss'. Dokumentkortet (händelsen) samt fil är belagd med sekretess

Beroenden:",Funktioner,135 - Söktermer bestående av flera ord| 136 - Sökbar metadata| 137 - Riktad sök| 140 - Sökning över samtliga status| 152 - Sökresultat tar hänsyn till behörighet| 156 - Spara sökparametrar| 157 - Sökning i avslutade diarier| 158 - Sök på aktivitetsdatum,Verifiera att det finns en inbyggd funktion för supersök,Sök på remiss i supersök flera gånger,"Sök på ett befintligt ärende genom supersök. Sök orden Drabantgatan Remiss.
Observera att filer kommer inte med om inte checkbox ""Inkludera filer"" är markerad. Marker och sök igen om den inte redan var markerad första gången. Chackbox syns först efter sökresultat presenterats första gången men är ""sticky"" om den använts tidigare.","Välj avancerad sökning och kontrollera att det i rullmenyn finns följande sökvägar: ärende, dokument, kontakt, fastighet, aktivitet och fil",Tryck på Dokument i rullemenyn,Sök i fältet Dokumenttitel på ordet 'Remiss',Välj Avancerad sökning sedan Ärende i rullmenyn.,Verifiera i detta steg att samtliga fält som visas i Avancerad sökning går att fylla i och är sökbar,Fyll i fältet Ärendetitel och sök på ordet remiss,"Välj hantering och därefter Spara sökkriterier, fyll därefter i Favoritgrupp, namn och arbetslista, tryck därefter på OK",Välj Sparade sökningar och kontrollera att den nyskapade arbetslistan med sparade sökkriterier lagts in,"Gå tillbaka till sök, likt steg 7. Tryck på kryssrutan och bock i för att Visa fler sökfält",Fyll i fältet Diarieenhet 30 Partille Energi AB och tryck på Sök,"Gå tillbaka till sök, likt steg 7. Välj lägg till sökfält (längst ned)",Scrolla till senaste aktivitetsdatum och välj,"Låt fältet: Är samma stå. Välj i nästa fält: Igår, därefter tryck på + symbolen för att lägga till fältet",Välj sök,"Välj sök (steg 7). Kontrollera sökfältet 'Status' och verifiera att följande status finns: 'Avslutat av handläggare, Behandlas, Avslutat och Makulerat'",Logga in som Roll 'Handläggare',Sök i supersök på orden Drabantgatan Remiss,Tryck på Dokumentkortet i sökresultatet (händelse).,Välj pilen < längst upp 'Tillbaka till sökresultat',Tryck på Ärendet i sökresultatet (Diarieärendet),Välj pilen < längst upp 'Tillbaka till sökresultat',Tryck på Fil
9,Skicka e-post från diarie,"Intention: Verifiera att det inifrån Diarie går att initiera och skicka e-post med innehåll bifogat samt att det diarieförs.

Förutsättningar: Integration mot e-postserver, testklient har e-postklient, inloggad användare har en e-postadress och att det finns e-postadresser att skicka till

Beroenden:",Funktioner,146 - Skicka fil som bilaga| 269 - Hyperlänkad diariepost i mail| 270 - Utgående mail från Diarie| 271 - Bifoga bilagor,"Roll=valfri
Öppna ett befintligt ärendedokument innehållandes bilaga. Välj Dokumentfunktioner och Kopiera hyperlänk",Välj Dokumentfunktioner och Skicka bilaga som e-post,"Ange mottagare, klistra in tidigare kopierad hyperlänk och skicka meddelandet",Klicka på hyperlänken i e-postmeddelandet,Diarieför valfritt e-postmeddelande i Outlook i ett ärendedokument. Kontrollera sedan att det finns en länk i det diarieförda mailet som leder direkt till ärendedokumentet i P360 (högerklicka->Visa i 360),"Roll=handläggare
Öppna ett inkommande ärendedokument och klicka på kanppen ""Besvara""->Med e-post","Fyll i mottagare, ämne, innehåll samt bifoga fil. Klicka sedan på Skicka",Fyll i registreringsformuläret med obligatoriska uppgifter samt Slutför,,,,,,,,,,,,,,,,,
10,Länkar in till Diarie,"Intention: Verifiera att URL:er till olika diarieobjekt så som registerposter och filer är statiska över tid och uppdateringar i poster. 

Förutsättningar: Det finns ärenden och händelser med filer med olika nivå av behörigheter

Beroenden:",Funktioner,83 - Permanenta hyperlänkar för delning,"Öppna aktuellt ärende. Klicka på knappen ""Ärendefunktioner"" och välj ""Kopiera hyperlänk"" och klicka på ""Kopiera""",Klicka på den kopierade länken till ärendet,"Öppna ärendedokumentet i aktuellt ärende. Klicka på knappen ""Dokumentfunktioner"" och välj ""Kopiera hyperlänk"" och klicka på ""Kopiera""",Klicka på den kopierade länken till ärendedokumentet,"Bocka i framför aktuell fil, klicka på ""Filhantering"", välj ""Skicka till"" och ""Kopiera hyperlänk"" och ""Kopiera""",Klicka på den kopierade länken till filen,"Klicka på Redigera på ärendet. Gör valfria uppdateringar i  formulär sam klicka på slutför. 
Klicka på den kopierade länken till ärendet","Roll=huvudregistrator.
Flytta aktuellt ärendedokument till nytt ärende genom funktionen Meny->Övervakning->Flytta/kopiera dokument mellan ärenden
Klicka på den kopierade länken till ärendedokumentet",Lägg till en ny version av den ovan nämnda filen. Klicka på den kopierade länken till filen,,,,,,,,,,,,,,,,
11,Administration av metadata och flervalslistor,"Intention: Verifiera administratörsfunktioner för underhåll av metadata, fält, flervalslistor

Förutsättningar:  Åtkomst till 360 administration i rollen Administratör

Beroenden:",Applikationsadministration,24 - Administration av obligatoriska fält| 25 - Admininistrera metadatafält| 26 - Administration av automatgenererade metadatafält| 28 - Administration av flervalslistor| 29 - Administratrion av klassificeringsstruktur,Ändra sorteringsordning,Dölj/ta bort en  OSL-paragraf (dubbla paragrafer),,,,,,,,,,,,,,,,,,,,,,,
12,Administration av roller och behörigheter,"Intention: Verifiera adminisitrationsförmåga av access, roller och behörigheter i Diarie

Förutsättningar: 
Rollen Användaradministration

Beroenden:
N/A",Applikationsadministration,19 - Användaradministration| 21 - Styra behörigheter för roller| 72 - Begränsning i administrativa åtgärder| 212 - Rollbaserad behörighet| 215 - Behörighetsnivåer och roller kopplat till AD,360 administration - Användare - Sök upp en användare,"Klicka på användare och välj redigera och tilldela en roll, i detta testfall är rollen användaradministratör tilldelad.",Sök upp samma person och lägg ett t om datum. på rollen användardministratör. Kontrollera att användaren inte längre har åtkomst till 360 admin,Tilldela samma person rollen Administratör och kontrollera så person har åtkomst,,,,,,,,,,,,,,,,,,,,,
13,Massuppdatering av metadata och status,"Intention: Verifiera funktionalitet kring massuppdatering av metadata i ärenden och händelser

Förutsättningar: Det existerar flertalet (många) ärenden med händelser i. Roll=huvudregistrator

Beroenden:",Funktioner,181 - Massavslut av ärenden| 187 - Massuppdatering av handläggare| 198 - Massuppdatering av metadata i Diarieärende| 200 - Massuppdatering av metadata i Diariehändelse,"1. Massuppdatering av ärende:
På startsidan- Välj Meny - Ärende - Massuppdatering - Ärende",I fältet Välj ärendetyp * välj Diarieärende och klicka på Sök,Ange sökparametrar för att kunna hitta dom diarieärenden som skall massuppdateras och klicka på Sök,Bocka i dom ärenden som skall uppdateras samt klicka på Lägg till ärende,"Bocka igen i ärenden som skall uppdateras och klicka på ""Nästa:Välj fälten som ska uppdateras""","Ändra följande fält:
- Sekretess/särskilda personuppgifter = Allmän handling
- Paragraf= OSL 19kap1§
- Ärendestatus= A- Avslutat

Klicka på ""Uppdatera"" och OK","2. Massuppdatering av händelse(ärendedokument).
På startsidan- Välj Meny - Dokument - Massuppdatering - Dokument",I fältet Välj dokumentarkiv * välj Ärendedokument och klicka på Sök,"Välj flik ""Avancerad sökning"" och ange sökparametrar för att kunna hitta dom ärendedokument som skall massuppdateras och klicka på Sök","Bocka i dom ärendedokument som skall uppdateras samt klicka på ""Lägg till dokument""","Bocka igen i ärendedokument som skall uppdateras och klicka på ""Nästa:Välj fälten som ska uppdateras""","Ändra följande fält:
- Ansvarig=valfri handläggare
- Status=Makulerat
- Sekretess/särskilda personuppgifter = Allmän handling
- Paragraf= OSL 19kap1§
Klicka på ""Uppdatera"" och OK",,,,,,,,,,,,,
14,Korrigering och makulering av händelse och ärende,"Intention: Att verifiera att processen för att makulera ärende eller händelse. Dokumentkort (händelse) korrigeras och sedan makuleras. Därefter korrigeras och sedan makuleras ärendet.

Förutsättningar: Ärende och händelse måste finnas registrerat

Beroenden:",Affärsprocesser,11 - Ärendelivscykelhantering och status| 12 - Roll och användarbaserad rättighetsstyrning,Välj Redigera egenskaper under Dokumentfunktioner i ärendedokumentet.,Ändra konfidentialitetsnivå till Känslig samt ange sekretess enligt OSL och valfri paragraf . Klicka på slutför,Välj Redigera egenskaper under Dokumentfunktioner i ärendedokumentet. Ändra status till Makulerat och klicka på slutför.,Välj Redigera egenskaper under Ärendefunktioner,Ändra konfidentialitetsnivå till Känslig och ange sekretess enligt OSL och valfri paragraf samt i fältet Val för offentlig titel väljs Skriv in offentlig titel manuellt. Skriv in ny titel . Klicka på slutför,"I ärendet, välj Redigera egenskaper under Ärendefunktioner",Välj status = Makulerat och klicka på Slutför,,,,,,,,,,,,,,,,,,
15,Massuppdatering vid ny handläggare,"Intention: Uppdatera flera ärende samtidigt med ny ansvarig
Förutsättningar: Två eller fler ärenden registrerade
Beroenden:",Funktioner,187 - Massuppdatering av handläggare,Välj Meny - Ärende - Massuppdatering - Ärende,I fältet Välj ärendetyp * välj Diarieärende och klicka på Sök,Ange sökparametrar för att kunna hitta dom diarieärenden som skall massuppdateras och klicka på Sök,Bocka i dom ärenden som skall uppdateras samt klicka på Lägg till ärende,"Bocka igen i ärenden som skall uppdateras och klicka på ""Nästa:Välj fälten som ska uppdateras""","I fältet Ansvarig anges ny ansvarig. Klicka på ""Uppdatera"" och OK",,,,,,,,,,,,,,,,,,,
16,Avsluta ärende,"Intention: Handläggare har avslutat ärende som hamnar i kvalitetskontroll varefter registrator kontrollerar och avslutar

Förutsättningar: Ärende registrerat inklusive händelse av handläggare

Beroenden: Inloggad med rollen huvudregistrator",Affärsprocesser,12 - Roll och användarbaserad rättighetsstyrning,Välj Ärenden avslutade av handläggare,Välj ett ärende i lista Avslutat av handläggare,Välj sätt status,Ändra status till Avslutat,,,,,,,,,,,,,,,,,,,,,
17,Medhandläggare läggs till,"Intention: Fler än ansvarig på ärendet läggs till som medhandläggare vid redigering av ärendet
Förutsättningar: Registrerat ärende
Beroenden:",Funktioner,117 - Medansvarig i ärende,"I ärendet, välj ärendefunktioner sedan redigera egenskaper",Välj Interna kontakter och därefter Lägg till existerande kontakt och välj medhandläggare,Söknamn efter kontakt och kryssa i vald ruta för kontakt,Klicka på Lägg till kontakt,Välj slutför,,,,,,,,,,,,,,,,,,,,
18,Handläggare registrerar,"Intention: Handläggare registrerar svar på inkommande handling, markerar dokumentkort som färdigt samt avslutar ärende

Förutsättningar: 
- Ärende inklusive inkommen händelse registrerad. 
- Roll=handläggare

Beroenden:",Affärsprocesser,88 - Dokumentstatus,Öppna den registrerade inkomna händelsen(dokumentkortet),"Klicka på knappen ""Besvara"" och välj ""Med dokument""","Lägg till något på titeln, tex ""svar"", lägg till valfri fil i fliken ""Filer"" och klicka på slutför","Klicka på knappen ""Färdigställ/expediera"" och ""Ok""","I fältet ""Detaljer"" klickar man på den blå ärendetiteln","Klicka på knappen ""Sätt status"",","Välj ""Avslutat från handläggare"" och ""OK""",,,,,,,,,,,,,,,,,,
19,Skapa diarieärende,"Intention: Skapa nytt diarieärende
Förutsättningar: Huvudregistrator
Beroenden: Huvudregistrator",Affärsprocesser,35 - Notifieringstrigger,Skapa nytt ärende,Välj Konfidentialitetsnivå,Välj sekretess/särskilda personuppgifter,Välj åtkomstgrupp,Skriv in ärendets titel,Välj ansvarig handläggare,Välj status,Välj diarieenhet 10 Göteborg Energi AB,Välj delarkiv,Välj klassificeringskod,Välj ärendepart (avsändare/externa kontakter),Slutför ärendet,,,,,,,,,,,,,
20,Skapa händelse(dokumentkort),"Intention: Skapa ny händelse (dokumentkort) i befintligt ärende och bifoga fil
Förutsättningar: Registrerat ärende
Beroenden:",Affärsprocesser,99 - Metadatafält,Välj nytt ärendedokument,Välj riktning,Välj dokumentkategori,Välj konfidentialitetsnivå,Välj sekretess/särskilda personuppgifter,Välj åtkomstgrupp,Skriv in handlingens titel,Välj mottagare,Välj dokumentdatum,Välj handläggare,Välj status,"Välj kontakt (avsändare), under fliken kontakter","Välj bifoga fil, under fliken filer",Välj slutför och avsluta registreringen,Dra in fil från utforskaren till fältet Filer,,,,,,,,,,
21,Skapa händelse utifrån e-post i outlook,"Intention: Skapa ett nytt dokumentkort (händelse) och bifoga mail från oulook via sidopanel

Förutsättningar: Registrerat ärende. Tillgång till sidopanel i Outlook = produktionsmiljö

Beroenden:",,167 - Diarieföra relaterade e-postmeddelanden direkt från e-postklient| 267 - Mailintegration,1. I befintligt ärende skapas ett nytt inkommande ärendedokument.,"I Outlook öppnar man sidopanelen och söker upp aktuellt ärendedokument antingen genom sökrutan eller via Sök och arkivera, dubbelklicka på ärendedokumentet så det kommer upp i den blå rutan.",Klicka på valfritt e-postmeddelande inklusive bilaga och dra och släpp det i den blå rutan i sidopanelen,2. Skapa ny händelse via sidopanelen. I Outlook öppnar man sidopanelen och söker upp aktuellt ärende antingen genom sökrutan eller via Sök och arkivera.,Klicka på valfritt e-postmeddelande inklusive bilaga och dra och släpp det i rutan för det aktuella ärendet i sidopanelen,"Fyll i obligatoriska fält och klicka på ""Slutför""",,,,,,,,,,,,,,,,,,,
22,Skapa uppgift för handläggare att utföra,"Intention: Uppgift skapas inklusive bevakningsdatum då det skall vara färdigställt
Förutsättningar: 
- Registrerat ärende inklusive inkommen handling
- Flera handläggare som uppgiften skall läggas på
- Roll=handläggare
Beroenden:",Affärsprocesser,,"I aktuellt ärendedokument klickar man på knappen ""Mera"" längst till höger och väljer Aktiviteter","Klicka på ""Ny aktivitet"" och välj Uppgift","Ange följande:
- Titel tex ""besvara""
- Bevakningsdatum
- Status
- Ansvarig 
- Kontakt
Klicka på Slutför samt Stäng","Gå till startsidan och klicka på Inkommande och expandera fältet Uppgift och markera ""Min avdelnings uppgifter""",,,,,,,,,,,,,,,,,,,,,
23,Besvara inkommen händelse med e-post,"Intention: Initiera e-post från händelse som ett svar på inkommen fråga samt registrering av händelsen
Förutsättningar: Registrerat ärende inklusive inkommen händelse(dokumentkort) med fil. Koppling mellan P360 och Outlook
Beroenden:",Affärsprocesser,270 - Utgående mail från Diarie,I aktuellt ärendedokument klicka på knappen Besvara och därefter Med e-post,"Fyll i mottagare, titel samt innehåll och skicka mail",Fyll obligatoriska uppgifter samt klicka på Slutför,Kontrollera att mailet skickats till angiven mottagare,,,,,,,,,,,,,,,,,,,,,
24,Notifieringstrigger och adressering,"Intention: Att verifiera trigger för notifieringar går att anpassa och att de fungerar som tänkt och bl.a. kan ställas in att trigga notifieringar när nytt diarieärende och ny diariehändelse skapas eller tilldelas handläggare samt att notifiering adresseras de som ska.

Förutsättningar: Roller är tilldelade användare och att det finns kontaktinformation dit notifiering ska skickas

Beroenden: Integrationer till meddelandetjänst, M365, Outlook....",Funktioner,35 - Notifieringstrigger| 36 - Notifieringstrigger,"Roll=huvudregistrator.
Meny->Skapa diarieärende",Fyll i all obligatorisk data och ange ansvarig samt medhandläggare som skall kontrollera att notifiering skickats. Klicka på slutför,Klicka på länken i notifieringen,"Roll=huvudregistrator.
Skapa ett nytt ärendedokument i ärendet",Klicka på länken i notifieringen,"Roll=aktuell handläggare
Skapa ett nytt ärendedokument i ärendet",,,,,,,,,,,,,,,,,,,
25,Gallring av filer,"Intention: Verifiering av funktionalitet kring gallring; Schemaläggning, manuell, utförande av enstaka eller i bulk samt kontroll på effekt av gallring

Förutsättningar: tre gallringsbara testfiler med valfria egenskaper skapade i två testärenden/-händelser, tio gallringsbara testärenden med gallringsfrist som kommer förfalla följande dag skapade i valfritt antal testärenden/-händelser som även innehåller andra filer, tillgång för att söka efter filer direkt i lösningens databas

Beroenden:",Funktioner,124 - Stöd för gallring av filer| 125 - Massgallring| 126 - Automatiserad gallringsprocess| 127 - Kontrollsteg för start av gallring| 128 - Gallrad information permanent raderad,Anta rollen som handläggare och försök initiera gallring.,Anta rollen som huvudregistrator och initiera gallring.,Markera de tre gallringsbara testfilerna för gallring och exekvera gallringen.,Verifiera att filerna inte kan sökas fram i gränssnittet eller direkt i databasen.,Skapa en schemalagd rutin för gallring av de tio testfilerna med gallringsfrist.,Vänta till dess att fristen förfallit och generera en urvalslista för gallring.,Markera samtliga filer för gallring och avsluta sessionen utan att exekvera.,Påbörja en ny session och sök efter de markerade filerna.,Gå in i gallringsfunktionen igen och markera sju av de tio filerna. Exekvera gallring.,"Verifiera att de sju filerna som markerades har gallrats, men att övriga filer i de berörda ärendena och händelserna finns kvar.",Exportera rapporten över vad som gallrats till Excel.,Begär demonstration av Tieto som visar att de gallrade filerna tagits bort från sin lagringsplats i lösningen och att de inte kan återskapas.,,,,,,,,,,,,,
26,Sökning i Diarie från M365,"Intention: Verifiera integration mellan M365 och Diarie i avseende sökningsförmåga från M365.

Förutsättningar: Integration är uppsatt och gränssnitt eller applikation är anpassad för att visa information från Diarie.

Beroenden:",Integration,265 - Sökning mot diarieposter från M365,,,,,,,,,,,,,,,,,,,,,,,,,
27,Bifoga filer i registerposter,"Intention: Verifiera att filer går att bifoga och att det finns flera olika fungerande metoder för att göra det.

Förutsättningar: Registrerat ärende

Beroenden:",Funktioner,165 - Import av filer| 166 - Dra och släppa för att bifoga filer| 168 - Import av multipla filer,"Öppna aktuellt ärende och välj ""Nytt dokument"" - Dokument - Ärendedokument","Klicka på fliken ""Filer"" och därefter på ""Välj eller dra filer hit"", välj fil och klicka på ""Öppna""","Gå tillbaka till fliken ""Generellt"" och färdigställ formuläret (utgående handling) och klicka på ""Slutför""","Öppna aktuellt ärendedokument och använd ""Dra och släpp"" en annan fil i angivet fält","Klicka på ""Välj eller dra filer hit"". Välj två eller flera filer och klicka på ""Öppna""",,,,,,,,,,,,,,,,,,,,
28,Koppla registerpost mot anläggningsregister,"Intention: Verifiera att det går att lägga upp anläggningar i ett register eller integrerat till befintligt koppla anläggningar till registerpost som metadata

Förutsättningar: Anläggningar finns tillgängliga

Beroenden:",Funktioner,116 - Kopplad anläggning,"Roll=huvudregistrator. På startsidan, välj ""Meny"" längst upp till höger. I rutan Fastighet, välj ""skapa fastighet""","Fyll i följande:
Beskrivning: Huvudkontoret, Rantorget
Adress: Johan Willins gata 3
Land=Sverige
Postnummer: 401 20 som då genererar följande
Ort: Göteborg
Kommun: Göteborg
Län: Västra Götaland
Klicka på Slutför","Välj Skapa nytt ärende och fyll i nödvändig information. I fältet ""Fastighet"", skriv in ett %-tecken och tryck enter","Välj den redan skapade fastigheten, se ovan, och klicka på slutför","Roll=handläggare. I befintligt ärende, välj att skapa Nytt ärendedokument.","Fyll i obligatoriska uppgifter samt i fältet ""Fastighet"", skriv in ett %-tecken och tryck enter.",Välj den redan skapade fastigheten och klicka på slutför,"Klicka på det nya ärendedokumentet och klicka på informationsdelen ""Fastigheter"" till höger för att expandera denna.",,,,,,,,,,,,,,,,,
29,Koppling mellan registerposter,"Intention: Verifiera att Registerposter kan kopplas samman med korsreferenser så att det enkelt går att navigera mellan dem fram och tillbaka

Förutsättningar: Två ärenden inklusive händelser, ärendedokument, i varje

Beroenden:",Funktioner,163 - Koppling mellan relaterade ärenden| 164 - Koppling mellan händelser,"Roll huvudregistrator :
Öppna det ena ärendet. I informationsdelen ""Ärendereferenser"" till höger, klicka på knappen ""Ny ärendereferens""","I fältet ""Ärende"" anges diarienumret för det ärende som det skall länkas till. Tryck enter eller på bocken",Klicka på OK,Klicka på den skapade ärendereferensen,Gå tillbaka till det ursprungliga ärendet genom att klicka på ärendereferensen.,"Öppna det registrerade ärendedokumentet.  I informationsdelen ""Dokumentreferenser"" till höger, klicka på knappen ""Ny Dokumentreferens""","I fältet ""Relation"" välj ""Korsreferens till"", i fältet ""Dokument"" anges dokumentnumret. Tryck enter eller klicka på bocken","Klicka på ""OK""",Klicka på den skapade Dokumentreferensen,Gå tillbaka till det ursprungliga ärendedokumentet genom att klicka på dokumentreferensen.,"Roll huvudregistrator:
Skapa två tomma diarieärenden till aktuell handläggare med status behandlas. Ange ärendenummer i kommentarsfältet.","Roll handläggare:
Öppna båda ärendena i två olika flikar. I det ena ärendet, gå till informationsdelen ""Ärendereferenser"" till höger, klicka på knappen ""Ny ärendereferens""","I fältet ""Ärende"" anges diarienumret för det ärende som det skall länkas till. Tryck enter eller på bocken",Klicka på OK,Klicka på den skapade ärendereferensen,Gå tillbaka till det ursprungliga ärendet genom att klicka på ärendereferensen.,"Skapa ärendedokument i båda diaireärendena med riktning UT. Låt status ""under arbete"" vara","Öppna det ena registrerade ärendedokumentet . I informationsdelen ""Dokumentreferenser"" till höger, klicka på knappen ""Ny Dokumentreferens""","I fältet ""Relation"" välj ""Korsreferens till"", i fältet ""Dokument"" anges dokumentnumret. Tryck enter eller klicka på bocken","Klicka på ""OK""",Klicka på den skapade Dokumentreferensen,Gå tillbaka till det ursprungliga ärendedokumentet genom att klicka på dokumentreferensen.,,,
30,Redigering av metadata i registerpost,"Intention: Verifiera att samtliga metadatafält antingen har ett systemgenererat innehåll eller kan redigeras med olika metoder. Även verifiera att metadata endast kan redigeras av behörig och/eller när status tillåter.

Förutsättningar: 

Beroenden:",Funktioner,89 - Återöppna och uppdatera dokument| 179 - Redigerbara metadata| 186 - Skrivskydd vid avslut,"Roll=handläggare. Utgående Diariehändelse, ärendedokument, med status ""registrerat"". Handläggare klickar på Redigera.","Roll=huvudregistrator ändrar status på aktuellt ärendedokument till ""under arbete""",Roll=handläggare. Öppna aktuellt ärendedokument för redigering. I fältet Fastighet anges % och tryck enter,"I fältet Dokumentkategori ändras till ""Information -Ut""","I fält Konfidentialitetsnivå välj ""Mycket känslig""","I fält Sekretess/särskilda personuppgifter väljs ""Allmän handling - Sekretess",I fältet Paragraf väljs OSL 32 kap 3b,"I fältet Titel läggs ""Test av redigering av metadata"" till efter nuvarande titel","I fält ""Val för offentlig titel"" väljs ""Skriv in offentlig titel manuellt""","I fältet ""offentlig titlel"" anges ""Test offentlig""",I fältet Mottagare läggs till ytterligare Ny kontakt,"I fältet Avsändarens ref. anges ""12345""","I fältet Antal bilagor ändras till ""11""",Klicka på slutför,,,,,,,,,,,
31,Öppna filer från sökresultat,"Intention: Verifiering av förmåga att från sökresultat direkt interagera och öppna bifogade filer

Förutsättningar: Registrerat ett flertal ärenden och ärendedokument. Dokument med wordfil. Status under arbete.

Beroenden: Integration till M365 samt andra lokalt installerade applikationer för visning och redigering av filer av olika format.",Integration,148 - Öppna filer direkt från sökresultat,Välj Avancerad sökning sedan dokument,Granska att det går att söka dokument. I fältet Dokumenttitel sök på 'Öppna filer'. För sökning tryck Sök,Granska att funktion finns som kan öppna filer direkt i sökresultatet. Tryck på (dokumentsymbolen) klicka här för att öppna filen direkt från sökresultatet,Verifiera att alternativen Skrivskyddad och Redigera finns att välja,Tryck på Skrivskyddad och verifiera att filen öppnas,Stäng filen,Tryck på dokumentsymbolen klicka här för att öppna filen igen direkt från sökresultatet,Tryck på Redigera,Skriv till några ord och spara och stäng filen,Tryck på dokumentsymbolen på klicka här för att öppna filen direkt från sökresultatet,Tryck på Redigera,Verifiera att orden som skrevs in i tidigare skede står i dokumentet,,,,,,,,,,,,,
32,Sökprestanda,"Intention: Verifiera prestanda kring sökningar och användarupplevd responsivitet i gränssnitt och presentation av resultat.

Förutsättningar: Datavolymer bör vara representativa, systemresurser i backend bör återspegla ett produktionssystem, latens mellan backend och klient bör vara i relation till blivande driftsförhållanden. 

Beroenden: Det finns två sökfunktioner ""snabbsök"" eller Globalsök och Avancerad sök. Snabbsöken är baserad på data i Elastic medan Avancerad söker mot SQL. De har olika sökmetoder och syntax.

Antaganden:
- Globalsök i Elastic levererar endast ID eller listor i retur som i sin tur pekar på objekt i SQL. Om detta antagande är rätt så är alltid resultaten av sök hämtade från SQL även om det är Elastic som preciserar vad som ska hämtas genom sin sök. Därför är sökresultat beroende av om Elastic och SQL är synkade. DVS, i slutänden är det oavsett sökmetod snabbheten i SQL som avgör prestandan i någon mån vid presentation av resultat. 
- All data är sökbar så att söka på ett ord bör ge träffar oavsett vart det är lagrat.",Prestanda och Tillförlitlighet,233 - Sökprestanda,"I Globalsök sök på endast ett wildcard (*) i P360
Titta först på resultat i ""Alla"" sedan varje resultatflik för sig.","I Globalsök gör riktat sök på enstaka ord i P360.
Titta först på resultat i ""Alla"" sedan varje resultatflik för sig.
Repetera sök för flera olika ord, både såna som ger många träffar, få träffar och inga träffar","I Avancerad sökning per sökkategori (objektstyp) gör en Snabbsök med ord som ger många träffar.

Markera ""Visa alla"" när resultat överstiger 250 så att resultat blir komplett. 
Markera ""Använd förhandsgranskning"" på objektet Fil.
Mät tiden tills resultat presenterats fullt ut i gränssnitt.
Objektstyper och sökord:
- Ärende,  ""Göteborg""
- Dokument, ""Göteborg""
- Kontakt, ""<tom sträng>""
- Aktivitet, ""Protokoll""
- Fil, ""Göteborg""","I Avancerad sökning per sökkategori (objektstyp) gör en Avancerad sökning med ord som ger många träffar.

Markera ""Visa alla"" när resultat överstiger 250 så att resultat blir komplett. 
Markera ""Använd förhandsgranskning"" på objektet Fil.
Mät tiden tills resultat presenterats fullt ut i gränssnitt.
Objektstyper, fält och sökord:
- Ärende, Ärendetitel, ""Göteborg""
- Dokument, Dokumenttitel, ""Göteborg""
- Kontakt, ingen, ""<tom sträng>""
- Aktivitet, Titel, ""<tom sträng>""
- Fil, Dokumenttitel, ""Göteborg""",,,,,,,,,,,,,,,,,,,,,
33,Massuppdateringar,"Intention: Verifiera förmågan att massuppdatera olika volymer av registerposter

Förutsättningar: Roll=huvudregistrator

Beroenden:",Funktioner,234 - Bulkuppdateringsvolym| 235 - Bulkuppdatering minvolym,"Roll=huvudregistrator. 
Uppdatering av 300 ärenden (MAX)
Välj funktion för att massuppdatera ärende. Sök upp dom ärenden som skall uppdateras","I sökresultatet, välj ut dom 300 ärenden som skall uppdateras",Välj att massuppdatera Status på ärendena. Starta uppdatering,Om massupdatering med tidigare angivet antal ärenden inte fungerar gör om samma test tills uppdateringen utförs ok. Dock skall antalet ej understiga 50,"Roll=huvudregistrator. 
Uppdatering av 300 ärendedokument (MAX)
Välj funktion för att massuppdatera ärendedokument. Sök upp dom ärendedokument som skall uppdateras","I sökresultatet, välj ut dom 300 ärendedokument som skall uppdateras",Välj att massuppdatera Ansvarig handläggare på ärendedokumenten. Starta uppdatering,Om massupdatering med tidigare angivet antal ärendedokument inte fungerar gör om samma test tills uppdateringen utförs ok. Dock skall antalet ej understiga 50,,,,,,,,,,,,,,,,,
34,Skicka fil som bilaga,"Intention: Verifiera att integration till e-postklient stödjer att från diarie markera och välja att skicka fil som bilaga i ett e-postmeddelande.

Förutsättningar: Integration till M365 och e-post. Befintligt ärende, ärendedokument samt fil

Beroenden:",Funktioner,146 - Skicka fil som bilaga,Öppna befintligt ärendedokument,"Klicka på knappen ""Dokumentfunktioner"" och välj ""Skicka som bilaga med e-post""","I e-postmeddelandet: Använd dom förifyllda kontakterna eller ändra enligt önskemål, lägg till meddelande samt signatur och klicka på knappen ""Skicka""",,,,,,,,,,,,,,,,,,,,,,
35,Presentation av användare ur AD,"Intention: Verifiera att det ur integration från AD går att se och välja användare i systemet och lägga till dem i registerposter. Även verifiera att korrekt och komplett information om användare visas i valbar lista från integration.

Förutsättningar: Integration och /eller användarregister är synkad till Diarie

Beroenden:",Integration,185 - Handläggares organisatoriska tillhörighet| 260 - Katalogtjänstintegration,"Roll=huvudregistrator.
Välj funktion för att skapa ett nytt diarieärende","I fältet Ansvarig skriv början på ett namn tex ""And""","Nu aktiva användare listas
(Metod att se användares status behöver läggas till senare)",Välj valfri användare i listan,Fyll i resten av dom obligatoriska fälten i registreringsformuläret och Slutför,Kontrollera att den angivna ansvarige personens Organisationstillhörighet stämmer. Använd tex Sök en kollega eller sök upp personen på Intranätet,,,,,,,,,,,,,,,,,,,
36,Ärendelänk i notifiering,"Intention: Att verifiera notifieringsmeddelande så att det går att bifoga en ärende eller dokumentlänk som leder rätt.

Förutsättningar: Notifieringsmeddelande är konfigurerat så att det finns en tjänst för att skicka dem, mail eller som intern notifiering i Diarie.
Koppling mellan testmiljö och Outlook för att kunna skicka mailnotifiering inklusive länk
Beroenden:",Funktioner,37 - Ärendelänk i notifieringsmeddelande,Skapa nytt ärende på handläggare,Öppna mailnotifiering i outlook och klicka på den länk till ärendet som bifogas,Öppna intern notifiering angående ärendet i P360,"I samma ärende, skapa ett nytt ärendedokument på samma handläggare",Öppna mailnotifiering i outlook och klicka på den länk till ärendet som bifogas,Öppna intern notifiering angående ärendedokumentet i P360,,,,,,,,,,,,,,,,,,,
37,Sekretesshantering,"Intention: Att verifiera så att Diarie kan hantera sekretess korrekt och att endast behöriga kan ta del av sekretessinformation. Sekretess på registerpost kan slås på och av samt att handläggare och dess chefer ska kunna se men inte andra.

Förutsättningar: Registrerat ärende med sekretess. Inloggad i olika roller

Beroenden:",Funktioner,40 - Maskning av klassad information i presentation| 42 - Upphäva/ändra sekretess| 43 - Organisatorisk penetretion av sekretessinformation,"Användare 1 - Som ägare av befintligt ärende skapa nytt dokument, sedan Dokument därefter Ärendedokument","Fyll i obligatorisk information markerad med asterisk (riktning och konfidentialitetsnivå, avsändare, ankomstdatum och ansvarig) till valfritt.",För fältet Sekretess/särskilda personuppgifter välj Allmän handling - Sekretess,För fältet paragraf välj 19.1,Skriv in i fältet titel 'Test av sekretess 2023',För fältet val av offentlig titel välj Skriv in offentlig titel manuellt,Skriv in 'Test av titel 2023' i val av Offentlig titel,Välj slutför,Användare 3 - Inloggad som handläggare 2 (utan behörighet till ärendet). Sök i globalsök efter: Test av sekretess 2023,Sök igen. Sök efter Test av titel 2023,Användare 4 - Inloggad som huvudregistrator. Välj samma dokumentkort (händelse) registrerat med sekretess,Välj Dokumentfunktioner och sedan Redigera egenskaper,Ändra fältet Val av offentlig titel till 'Skydda hela offentiga titeln',Välj slutför,Välj knappen 'Mera' med en pil nedåt,Välj rättigheter och granska så att Arkivroll (Archive = Huvudregistrator) samt enhetsroll har behörighetsnivå 'Ändra',Användare 2 - Inloggad som Chef Handläggare 1 kontrollera tillgång till ärendekort och fil,"Användare 3 - Inloggad som handläggare 2. Kontrollera så att det inte är möjligt att öppna fil i dokumentkortet (händelsen) försedd med sekretess för det tidigare skapade dokumentkortet, som skapades av annan handläggare","Kontrollera som handläggare 2 att dokumentkortet (händelsen, som har skyddad offentlig titel) har titel 'Offentlig titel vid sekretess'",Användare 4 - Inloggad som huvudregistrator. Välj samma dokumentkort (händelse) registrerat med sekretess,Välj dokumentfunktioner sedan Redigera egenskaper,Ändra fältet sekretess/särskilda personuppgifter från Allmän handling - Sekretess till 'Nej',Välj slutför,"Verifiera att sekretessymbolen är borta. Verifiera i fältet Detaljer, till höger att Sekretess/särskilda personuppgifter är ändrat till Nej",
38,Sekretesstid,"Intention: Att verifiera inställningar för sekretesstid i diarie. Att det går att ställa in per paragraf, att det sätter en tid på ärendet baserat på tiden för paragraf samt att inget som inte ska hända händer per automatik när sekretesstid infaller.

Förutsättningar: Registrerat ärende och dokumentkort (händelse)

Beroenden:",Funktioner,41 - Sekretesstid,Välj ett dokumentkort (händelse),Välj dokumentfunktioner sedan Redigera egenskaper,Välj Sekretess/särskilda personuppgifter och ändra till Allmän handling - Sekretess,Välj paragraf 19.1,Välj val av offentlig titel Sätt offentlig titel lika med titel,Välj slutför,Kontrollera att valet genererat sekretesstid 20 år,I roll med administratörsrättigheter verifiera möjligheten att manuellt ändra sekretesstid. Ändra tid från 20 år till 15 år,Skapa nytt ärendedokument i samma ärende och då med sekretess med paragraf 19.1,Öppna det skapade ärendedokumentet och klicka på fyrkanten längst till höger i fältet Detaljer (öppna i dialogruta),,,,,,,,,,,,,,,
39,Bulkinmatning och ärvd metadata,"Intention: Att verifiera funktion för bulkinmatning av fler ärenden i rad där metadata ärvs till de nya posterna så att förloppet snabbas upp och metadata hålls konsistent mellan ärenden. Samt funktionen att händelser ärver metadata från ärende.

Förutsättningar:  Registrerat ärende med sekretess, konfidentialitetsnivå känslig och flera handläggare

Beroenden:",Funktioner,59 - Seriell bulkinmatning med ärvd metadata| 183 - Kopiera information från ärende| 192 - Kloning av befintliga registerposter| 193 - Arv av metadata till underordnad registerpost,"I befintligt diarieärende med sekretess, konfidentialitetsnivå känslig och flera handläggare välj Ärendefunktioner, därefter spara som",Samtliga fält ifyllda utom Diarieenhet,Välj Diarieenhet 10 Göteborg Energi AB därefter slutför,Kontrollera att filer samt händelselogg inte kopierats över till det klonade ärendet,"Kontrollera att sekretess, konfidentialitetsnivå känslig och de utvalda handläggarna ärvts till det klonade ärendet",Skapa nytt dokumentkort (händelser) genom att välja nytt dokument sedan dokument och därefter ärendedokument,Fyll i samtliga obligatoriska fält,Välj kontakter därefter knappen Hantering och sedan Lägg till interna kontakter från ärende,Välj Slutför,Välj dokumentfunktioner därefter Spara som och sedan Ärendedokument,En varning kommer upp med att ett dokument med samma titel existerar i ärendet,Välj kopiera ärendetitel till dokumentitel,Verifiera att ärendedokumentet ärver diarieärendets sekretessnivå,Välj slutför,,,,,,,,,,,
40,Metadata i dokument och utskrifter,"Intention: Att verifiera funktion kring metadata för placering i dokument och utskrifter. Automatiskt tillägg i konvertering, styrning av metadata till definierade fält i dokument och mallar, tillägg vid utskrift.

Förutsättningar: 

Beroenden: Enligt leverantör är detta endast möjligt i mallar som hålls och administreras inom P360 och inte för mallar som hanteras via plug-in i M365 (Office).",Funktioner,97 - Metadata appliceras i filer| 98 - Applicering av metadata till anvisade ytor i filer| 101 - Metadata appliceras till utskrift av dokument| 102 - Metadata i mallars sidhuvud och -fot,,,,,,,,,,,,,,,,,,,,,,,,,
41,Skapande och export av JK-lista,"Intention: Verifiera att det går att skapa och exportera eller skriva ut en komplett och korrekt JK-lista

Förutsättningar: Ärenden i olika status i lösningen.Ärenden med olika tidsperioder i metadata. 

Beroenden:",Funktioner,149 - JK-lista ärendebalans,Välj JK-lista,"Välj starta rapport (Kriterier enligt JK-lista, se kommentar nedan, skall vara förifylld).",Välj Skriv ut därefter Print,Din PDF är klar. 'Your PDF is ready'. Tryck på länk nedan för att visa PDF. När PDF-filen visas finns möjligheten att skriva ut,"Välj Export drop down menu (en diskett), välj exportera till Excel",,,,,,,,,,,,,,,,,,,,
42,Skapa postlista,"Intention: Verifiera att det går att skapa en postlista med olika datum och tidsperioder som blir komplett och korrekt och kan exporteras och skrivas ut.

Förutsättningar: Korrenspondens finns diarieförd utmed en längre tidsperiod. 

Beroenden:",Funktioner,141 - Postlista,Välj Postlista,Välj Diariedatum från och med till och med,Välj bolag 10 - Göteborg Energi AB,Välj Starta rapport,Välj Skriv ut därefter Print,Din PDF är klar. 'Your PDF is ready'. Tryck på länk nedan för att visa PDF. När PDF-filen visas finns möjligheten att skriva ut,"Välj Export drop down menu (en diskett), välj exportera till Excel",,,,,,,,,,,,,,,,,,
43,Åtkomst till servrar,"Intention: Förutsättningar: Beroenden:
Inloggning till P360 servrar",Drift och underhåll,"71 - Språrbara, unika entitetsID i loggar",,,,,,,,,,,,,,,,,,,,,,,,,
44,Åtkomst till applikationen,"Intention: Förutsättningar: Beroenden:
Nätverksinloggning/SSO",Applikationsadministration,,,Åtkomst klient i Outlook,Åtkomst till webapplikation,,,,,,,,,,,,,,,,,,,,,,
45,Navigera i applikationen,"Intention: Förutsättningar: Beroenden:
Syftet med testet är att se att vi har åtkomst till olika vyer, innehållet granskas inte i detta test.
Åtkomst till applikation",,,Logga in i applikationen,Navigera i applikationen,,,,,,,,,,,,,,,,,,,,,,,
46,Admingränssnittet - Rapporter,"Intention: Förutsättningar: Beroenden:
Behörighet att starta rapporter i admingränssnittet, t ex användarstatistik
Testet utför i rollen administratör",Applikationsadministration,19 - Användaradministration,Navigera till 360 admin i rollen som admin,Starta samtliga rapporter,Spara resultat från två rapporter,,,,,,,,,,,,,,,,,,,,,,
47,Behörigheter,"Intention: Förutsättningar: Beroenden:
Inloggad som handläggare och registrator",Säkerhet och sekretess,40 - Maskning av klassad information i presentation| 43 - Organisatorisk penetretion av sekretessinformation,Logga in i rollen handläggare och skapa ett ärende,Sök fram sekretessärenden  i rollen handläggare,Sök fram sekretessärenden  i rollen registrator,Logga in i rollen registrator och skapa ett ärende,,,,,,,,,,,,,,,,,,,,,
48,Åtkomst från klient,Intention: Förutsättningar: Beroenden:,Integration,,Från klient accessa P360 web URL,"Från klient med Outlook konfigurerar att gå mot önskad backendserver, accessa P360 sidopanel. Öppna inkorg, och Sök",,,,,,,,,,,,,,,,,,,,,,,
49,Avsluta och ställa av diarium,"Intention: Verifiera att det i lösningen går att avsluta ett diarium, att det är en tydlig och intuitiv process.

Förutsättningar: Det finns ett Diarie med data i att ställa av.

Beroenden:",Funktioner,49 - Avslut av diarium,,,,,,,,,,,,,,,,,,,,,,,,,
50,Val av handlingstyp,"Intention: Verifiera att vid skapande eller uppdatering av händelse kan handlingstyp väljas. Att rätt typer finns att välja emellan samt att det är en bestämd förvald som blir den valda om inget val görs.

Förutsättningar: Registrerat ärende. 

Beroenden:",Funktioner,118 - Handlingstyp i diariehändelse,Välj Nytt dokument sedan dokument och därefter Ärendedokument,Välj Riktning. Riktning väljs och Dokumentkategori (fältet nedanför) får automatiskt Handlingstyp 'Handling'. Välj därefter Dokumentkategori.,Fyll i samtliga obligatoriska fält (markerad med asterisk),Välj Slutför,Välj Dokumentfunktioner och sedan Redigera egenskaper,Välj Dokumentkategori och ändra till Beslut,Välj Slutför,,,,,,,,,,,,,,,,,,
51,Klassificeringskoder,"Intention: Verifiera att det finns en lista med klassificeringskoder, att de stämmer överens med dokumenthanteringsplanen och att eventuella beroenden till valda koder triggar ytterligare funktion eller aktivitet.

Förutsättningar: Tillgång till dokumenthanteringsplanen vilket finns på intranätet. Länk finns här: https://p360.goteborgenergi.se:8082/locator.aspx?name=DMS.File.CurrentRevisionFiles&recno=374404

Beroenden:",Affärsprocesser,122 - Klassificeringskod,"Roll - Huvudregistrator. 
Startsidan->Meny->Skapa diarieärende","I fältet Delarkiv, klicka på nedåtpilen för flervalslista","I fältet Delarkiv, välj  ""Göteborg Energi"", I fältet ""Klassificeringskod"", ange %-tecken och tryck enter eller klicka på bocken till höger","I fältet Delarkiv, välj ""Klassificeringsstruktur för koncernen Göteborg Energi"". 
I fältet ""Klassificeringskod"", ange %-tecken och tryck enter eller klicka på bocken till höger",Jämför klassificeringskoderna med aktuell dokumenthanteringsplan,"I fältet ""Klassificeringskod"" ange endast första siffran i en processgrupp tex 3","I fältet ""Klassificeringskod"", ange ett ord tex ""bygg""","I fältet ""Klassificeringskod"", ange en specifik klassificeringskod ""2.12""",Fyll i resterande obligatoriska uppgifter i registreringsformuläret och klicka på slutför,,,,,,,,,,,,,,,,
52,Val av publik alternativ information vid sekretess,"Intention: Verifiera att vid sekretess av ärende och händelse kan alternativ väljas för titel och ärendemening och en lista med fördefinierade val eller möjlighet att skapa egen alternativ titel och ärendemening.

Förutsättningar: Testare behöver ha tillgång till flera roller på sin profil och behöver ha bl.a. Huvudregistratorbehörighet

Beroenden:",Affärsprocesser,123 - Alternativ information vid sekretess,Roll=huvudregistrator. Meny->Skapa ärende,"I fältet sekretess/särskilda personuppgifter väljs ""Allmän handling - sekretess""",I fältet Paragraf anges valfri paragraf,"Fält Titel =""Test av alternativ titel vid sekretess""""","Fält för ""Val för offentlig titel"" skall finnas med urvalslista. Välj här ""Skriv in offentlig titel manuellt""","Fält för ""Offentlig titel"" tillkommer. Ange här """"Offentlig titel vid sekretess",Ange ansvarig på ärendet och fyll i resterande obligatoriska fält och klicka på Slutför,"Roll=handläggare utan behörighet till ärendet. 
Gör en sökning på ärendetitel och ange då ""Test av alternativ titel vid sekretess"" (originaltiteln)","Gör en sökning på ärendetitel och ange då ""Offentlig titel vid sekretess""",Klicka på ärendet som visas i sökresultatet,"Roll=huvudregistrator. 
I aktuellt ärende, skapa ett nytt ärendedokument och fyll i följande:
- Riktning = Internt
- Dokumentkategori=Beslut
- Låt den ärvda konfidentialitetsnivån samt sekretess vara kvar
- Titel=Test av alternativ titel vid sekretess. Ärendedokument
- Val av offentlig titel=Skriv in offentlig titel manuellt
- Offentlig titel=""Offentlig titel vid sekretess. Ärendedokument""
- Ansvarig
- Slutför","Roll=handläggare utan behörighet till ärendet. 
Gör en sökning på ärendedokument och titel och ange då ""Test av alternativ titel vid sekretess. Ärendedokument"" (originaltiteln)","Gör en sökning på titel i ärendedokument och ange då ""Offentlig titel vid sekretess. Ärendedokument""",Klicka på ärendedokumentet som visas i sökresultatet,,,,,,,,,,,
53,Utskrift och export av sökresultat,"Intention: Verifiera att användare kan välja att exportera och/eller skriva ut listor som utgör sökresultat. Att innehåll i listor baseras på det valda informationsfälten i vyn användaren har. Att det går  att välja till vilket format export ska göras och att innehåll i export eller utskrift är komplett.

Förutsättningar: Registrerade ärenden och dokumentkort (händelse) 

Beroenden:",Funktioner,130 - Utskrift av sökresultat| 143 - Användarspecifika rapporter| 144 - Export av rapporter| 145 - Export av information i Gallrade registerposter,Välj avancerad sökning sedan Dokument,Fyll i Dokumenttitel med ordet 'Sökresultat'. Tryck på Sök,Kryssa i rutan till vänster för de tre ärenden som är överst i sökresultatet,Välj hantering och en rullmeny öppnas,"Välj ""Skriv ut dokument"" - > ""Skriv ut valda dokument"" och välj OK i dialogruta för att omorganisera dokumenten. Och tryck OK på dialogruta som informerar om att PDF blir skapad.",Invänta notifiering via e-post med länk till skapade PDF:er.,Exportera sedan Kalkylblad och kontrollera innehåll,Stäng Excel-filen. Välj hantering och en rullmeny öppnas,Välj Spara sökkriterier,Låt obligatoriskt fält favoritgrupp Mina vara ifyllt,Välj namn och skriv Min favoritsökning i fältet för namn,Tryck Ok,Verifiera att Favoritsökningen finns under Sparade sökningar,Välj Alla sparade sökningar därefter Dokument,Tryck på Min favoritsökning,,,,,,,,,,
54,Export av diarium till SIP,"Intention: Verifiera att diarielösning kan exportera kompletta och korrekta SIP:ar enligt OAIS-modellen som går att återläsa.

Förutsättningar: Behörighet att exportera databas och filer. En motpart med annat system för inläsning än det som genererat exporten är involverat. Diskyta med tillräcklig ledig volym för att lagra exporterad fil. Verktyg för validering av export.

Beroenden:",Funktioner,160 - Export av komplett diarium,Ta ut testdatabasen (metadata och filer) som XML-export med FGS Ärendehantering som metadataschema.,Validera exporten med lämpligt verktyg.,Be motpart göra en ingest med exporten som SIP.,,,,,,,,,,,,,,,,,,,,,,
55,Återöppning av avslutat ärende,"Intention: Verifiera att ett avslutat ärende kan återöppnas för editering.

Förutsättningar: Ärende med status ""avslutat""

Beroenden:",Affärsprocesser,182 - Återöppnande avslutade ärenden,"Roll=huvudregistrator.
Gå in i aktuellt ärende som har status ""Avslutat"". Klicka på knappen ""Sätt status"" , välj ""Behandlas"" samt klicka på ""OK""","Under ärendefunktioner välj ""Redigera egenskaper""","Ändra följande:
Konfidentialitetsnivå=Mycket känslig
Sekretess/särskilda personuppgifter=Allmän handling-Sekretess
Paragraf=OSL 15.2
Val för offentlig titel = Sätt offentlig titel lika med titel
Titel=Lägg till ""Redigerat"" i slutet","Roll=handläggare.
Gå in i aktuellt ärende som har status ""Avslutat"". Klicka på knappen ""Sätt status"" , välj ""Behandlas"" samt klicka på ""OK""",,,,,,,,,,,,,,,,,,,,,
56,Åtkomststyrning och kontroll,"Intention: Verifiera att lösningen kan styra på personnivå för access till dokument och filer samt att loggning av aktiviteter identifierar vilket användarkonto som utfört aktiviteter i systemet och i ärenden.

Förutsättningar: Tillgång till adminigränssnitt och kanske även till AD eller de filer som synkas in från AD för ev. manipulation. Access till lösningens olika loggar för att läsa ut händelser i system och lösning.

Beroenden:",Säkerhet och sekretess,3 - Åtkomststyrning på personnivå,,,,,,,,,,,,,,,,,,,,,,,,,
57,Diarieföra från Teams,"Intention: Verifiera att integration mellan Teams och diarie har de förutsättningar och förmågor som efterfrågas. Initiering av diarieföring direkt från Teams och ett stöd att sömlöst slutföra uppgiften.

Förutsättningar: Teamsintegration tillgänglig.

Beroenden:",Integration,266 - Teamsintegration,,steg,,,,,,,,,,,,,,,,,,,,,,,
58,Återkoppling i e-postklient om diariefört meddelande,"Intention: Verifiera att ett e-postmeddelande som diarieförts är tydligt markerat så att det inte riskerar att diarieföras igen. Detta ska även gälla i gemensamma funktionsbrevlådor med olika användare som hanteras samma e-postmeddelanden.

Förutsättningar: E-post system (Outlook) är integrerat i testmiljö, det finns e-postkonton för enskilda användare och grupper av användare. Befintligt ärende samt ärendedokument.

Beroenden: Processen att diarieföra från e-postklient hanteras i testfall #21",Integration,169 - E-postklient signalerar vid diariefört e-postmeddelande| 268 - Återkoppling diarieförda mail,"Outlook öppnar man sidopanelen och söker upp aktuellt ärendedokument antingen genom sökrutan eller via Sök och arkivera, dubbelklicka på ärendedokumentet så det kommer upp i den blå rutan.",Dra och släpp valfritt e-postmeddelande i den blå rutan i sidopanelen,"Outlook öppnar man sidopanelen och söker upp aktuellt ärendedokument antingen genom sökrutan eller via Sök och arkivera, dubbelklicka på ärendedokumentet så det kommer upp i den blå rutan.",Utifrån en funktionsbrevlåda. Dra och släpp valfritt e-postmeddelande i den blå rutan i sidopanelen,,,,,,,,,,,,,,,,,,,,,
59,Validering av migrerad data,"Intention: Validering av data migrerad mellan miljöer där viss data rensats ut. Syftet är att säkerställa att processen att migrera data resulterar i en komplett och korrekt uppsättning data.

Förutsättningar: Data är fullt migrerad till ny DB, SQL DB är accessbar via SSMS samt att P360's olika gränssnitt är uppsatta att accessa systemet mot de migrerade databaserna (SQL & Elastic). Gäller både produktionsdatabaser och test/UAT.

Beroenden: Roller och rättigheter är konfigurerat för användare som ska validera data",Drift och underhåll,301 - Data att migrera| 303 - Tvätt av migrerad data,"Användare X loggar in och väljer roll Y.
Under ""Mina öppna ärenden"" syns lista med ärenden.
(Steg kan repeteras för olika användare och roller)","Under ""Historik""
 - Ärende
 - Dokument
 - Kontakt
 - Fastighet
 - Aktivitet
 - Fil
Syns listor med resultat
(Steg kan repeteras för olika användare och roller)","Användare med roll Huvudregistrator tar fram antal ärenden med:
- Allmän handling -Sekretess
- Allmän handling - Särskilda personuppgifter
Via Avancerad sök, Diarieärenden, Sekretess/särskilda personuppgifter.","Användare med roll Huvudregistrator tar fram antal ärenden per Diarieenhet:
- 10 - Göteborg Energi AB
- 20 - Göteborg Energi Nät AB
- 23 - Lidköpings Biogas AB
- 24 - Skövde Biogas AB
- 25 - Göteborg Energi Gasnät AB
- 26 - Sörred Energi AB
- 27 - GoBiGas AB
- 28 - Göteborg Energi Din El AB
- 30 - Partille Energi AB
- 31 - Partille Energi Nät AB
- 40 - Sävsjö Biogas AB
- 41 - Göteborg Energi Backa AB
- 50 - Ale Fjärrvärme AB
- 51 - Ale Energi AB
- 60 - Göteborg Energi GotNet AB
- 70 - Göteborg Energi International AB
- 80 - Fjärrvärme i Frölunda AB
- 81 - Rya Nabbe Depå AB","Användare med roll Huvudregistrator tar fram antal ärenden per status:
- Avslutat från Handläggare
- Behandlas
- Avslutat
- Makulerat","Användare med roll Huvudregistrator tar fram antal ärendedokument per Diarie:
- 10 - Göteborg Energi AB
- 20 - Göteborg Energi Nät AB
- 23 - Lidköpings Biogas AB
- 24 - Skövde Biogas AB
- 25 - Göteborg Energi Gasnät AB
- 26 - Sörred Energi AB
- 27 - GoBiGas AB
- 28 - Göteborg Energi Din El AB
- 30 - Partille Energi AB
- 31 - Partille Energi Nät AB
- 40 - Sävsjö Biogas AB
- 41 - Göteborg Energi Backa AB
- 50 - Ale Fjärrvärme AB
- 51 - Ale Energi AB
- 60 - Göteborg Energi GotNet AB
- 70 - Göteborg Energi International AB
- 80 - Fjärrvärme i Frölunda AB
- 81 - Rya Nabbe Depå AB",Användare med roll Huvudregistrator genererar exporter till Excel enligt bifogad specifikation,,,,,,,,,,,,,,,,,,
60,Sökfunktion,Intention: Förutsättningar: Beroenden:,Funktioner,,"Skriv in ett sökord i ""enkel sök"" (10-2021-0027-6)","Skriv in ett sökord i ""enkel sök"" (bisyssla)","Sök ett ärende i ""Avancerad sök""","Sök en fil i ""Avancerad sök""","Lägg till ett sökfält i ""Avancerad sök""","Gör en större sökning och använd funktionen ""Räkna""",Gör en sökning och spara den. Använd funktionen Sparade sökningar och mina,Utför ett större antal sökningar med olika kriterier,,,,,,,,,,,,,,,,,
61,Spara registrerad data,"Intention: Förutsättningar: Beroenden:
Testet utförs i rollen Registrator",,,Skapa ett nytt ärende,,,,,,,,,,,,,,,,,,,,,,,,
69,Verifiering rensad data i generella och styrande dokument,"Intention: Verifiera genom validerande stickprov att data och information som i rensninsgskript utförda av leverantör  så har det som ska tas bort tagits bort.

Förutsättningar: Produktionsmiljö, Pre-prodmiljö och fullskalig kopia av produktionsdata.  

Beroenden: Tillgång till samtliga roller så att alla behörighetstyper är representerade i P360 dokumenthanteringsmodul.
Rensninskskript är kört.",Applikationsadministration,,Innan rensning sker ta stickprov och notera ner ID och innehåll i ett antal objekt som förväntas rensas:,Efter rensning verifiera att ingen information finns kvar av förväntat rensade objekt.,,,,,,,,,,,,,,,,,,,,,,,
70,Validering av AD-synk,"Intention: Validera att resultat av AD-synk är komplett och korrekt.

Förutsättningar: 

Beroenden:",Drift och underhåll,,Jämför närvarande användarkonton i AD med Användardatabas i P360,"Jämför via stickprov användares gruptillgörighet, rättigheter och övriga attribut.",,,,,,,,,,,,,,,,,,,,,,,
